Network,Runtime(s)
subDenseNet-053,6.640735864639282
subDenseNet-121,11.407145500183105
subDenseNet-169,14.161022901535034
subDenseNet-185,16.313525438308716
DenseNet-201,16.083842277526855
