Network,Energy (mJ)
DenseNet-53,39484.3140821954
DenseNet-121,74498.83100424425
DenseNet-169,92437.49593988543
DenseNet-185,105002.35466226305
DenseNet-201,112224.79353618456
