Network,Float Size (%),Int Size (%),Runtime (%),Energy (%)
ResNet-11,8.609271523178808,2.3620309050772628,23.387369069054227,20.759335402078737
ResNet-14,34.105960264900666,8.863134657836644,41.91420489514102,40.045740978654
ResNet-26,59.27152317880795,15.342163355408388,62.77274773067847,62.01752544404603
ResNet-38,84.43708609271525,21.7439293598234,83.92580422594139,83.7856317532925
ResNet-50,100.0,25.717439293598236,100.0,100.0
