Network,Energy (mJ)
DenseNet-53,39227.66081553866
DenseNet-121,74601.86707712428
DenseNet-169,91967.22782059842
DenseNet-185,104497.95096430885
DenseNet-201,111698.93267669788
