Network,Energy (mJ)
ResNet-11,5038.505356952443
ResNet-14,9539.54314993852
ResNet-26,14766.053626345521
ResNet-38,20035.506565664524
ResNet-50,23890.330616700645
