Network,Runtime(s)
SubResNet-08,0.6780738830566406
SubResNet-11,0.9642925262451172
SubResNet-14,1.87373948097229
SubResNet-26,3.0192410945892334
SubResNet-35,3.5342915058135986
SubResNet-38,3.7432873249053955
SubResNet-41,3.963670015335083
ResNet-50,4.6221253871917725
