,Network,Energy
0,DenseNet-53,5399.063912089436
1,DenseNet-121,10562.304701776473
2,DenseNet-169,14872.589535349827
3,DenseNet-185,16992.041695622145
4,DenseNet-201,19466.328477863186
