Network,Energy (mJ)
ResNet-11,15926.575100733207
ResNet-14,20300.829220540403
ResNet-26,42617.14441908449
ResNet-38,61436.69802528784
ResNet-50,78376.78493896732
