Network,Energy (mJ)
ResNet-11,16110.235554454935
ResNet-14,20246.415946649657
ResNet-26,43008.25840891195
ResNet-38,61325.91547491459
ResNet-50,78554.71698457605
