Network,Energy (mJ)
ResNet-11,4955.698553596955
ResNet-14,9559.777170215271
ResNet-26,14804.913316731025
ResNet-38,20001.427119406777
ResNet-50,23872.144544187653
