,Network,Energy
0,ResNet-11,4955.698553596955
1,ResNet-14,9559.777170215271
2,ResNet-26,14804.913316731025
3,ResNet-38,20001.427119406777
4,ResNet-50,23872.144544187653
