Network,Float Size (%),Int Size (%),Runtime (%),Energy (%)
DenseNet-53,9.88857938718663,3.3286908077994433,31.147047075079264,27.735399195740328
DenseNet-121,38.99721448467967,11.37883008356546,56.95257660004043,54.259357196133664
DenseNet-169,69.49860724233984,19.498607242339833,77.97163231452829,76.40161601229896
DenseNet-185,83.84401114206129,23.25905292479109,88.33254994163319,87.28940187640028
DenseNet-201,100.0,27.437325905292482,100.0,100.0
