Network,Runtime(s)
subResNet-11,2.5952980518341064
subResNet-14,3.1611392498016357
subResNet-26,6.007284879684448
subResNet-38,8.281073331832886
ResNet-50,10.380165576934814
