Network,Runtime(s)
subResNet-11,1.0911002159118652
subResNet-14,1.9554400444030762
subResNet-26,2.9285619258880615
subResNet-38,3.91542387008667
ResNet-50,4.665339708328247
