Network,Runtime(s)
subResNet-11,1.09086012840271
subResNet-14,1.9542813301086426
subResNet-26,2.9261958599090576
subResNet-38,3.912238836288452
ResNet-50,4.673123598098755
