,Network,Energy
0,DenseNet-53,39484.3140821954
1,DenseNet-121,74498.83100424425
2,DenseNet-169,92437.49593988543
3,DenseNet-185,105002.35466226305
4,DenseNet-201,112224.79353618456
