Network,Float Size (%),Int Size (%),Runtime (%),Energy (%)
ResNet-11,8.87185104052574,2.4644030668127055,25.011903511298645,20.508298130102265
ResNet-14,34.720700985761226,9.123767798466593,30.399827728447082,25.77364762274552
ResNet-26,59.58378970427163,15.443592552026287,58.03228405473001,54.74942824548202
ResNet-38,84.55640744797371,21.90580503833516,79.54668589636697,78.06776961204726
ResNet-50,100.0,25.848849945235493,100.0,100.0
