,Network,Energy
0,ResNet-11,16110.235554454935
1,ResNet-14,20246.415946649657
2,ResNet-26,43008.25840891195
3,ResNet-38,61325.91547491459
4,ResNet-50,78554.71698457605
