Network,Runtime(s)
subDenseNet-053,6.644249439239502
subDenseNet-121,11.440953969955444
subDenseNet-169,14.17509651184082
subDenseNet-185,16.30689287185669
DenseNet-201,16.07687520980835
