Network,Runtime(s)
subDenseNet-053,6.644249200820923
subDenseNet-121,11.440954208374023
subDenseNet-169,14.1750967502594
subDenseNet-185,16.30689287185669
DenseNet-201,16.07687497138977
