Network,Runtime(s)
subDenseNet-053,1.1236660480499268
subDenseNet-121,2.0106091499328613
subDenseNet-169,2.8137786388397217
subDenseNet-185,3.193368911743164
DenseNet-201,3.6111581325531006
