Network,Runtime(s)
subResNet-11,2.5959014892578125
subResNet-14,3.1550960540771484
subResNet-26,6.022975921630859
subResNet-38,8.25588345527649
ResNet-50,10.378664255142212
