Network,Runtime(s)
subDenseNet-53,3.0192410945892334
subDenseNet-121,3.5342915058135986
subDenseNet-169,3.7432873249053955
subDenseNet-185,3.963670015335083
DenseNet-201,4.6221253871917725
