Network,Energy (mJ)
DenseNet-53,5399.063912089436
DenseNet-121,10562.304701776473
DenseNet-169,14872.589535349827
DenseNet-185,16992.041695622145
DenseNet-201,19466.328477863186
