Network,Runtime(s)
subDenseNet-053,1.12567138671875
subDenseNet-121,2.0582973957061768
subDenseNet-169,2.8179376125335693
subDenseNet-185,3.1923868656158447
DenseNet-201,3.6140549182891846
