Network,Energy (mJ)
DenseNet-53,5407.113834651931
DenseNet-121,10268.0798514815
DenseNet-169,14721.051285744092
DenseNet-185,16997.618799479897
DenseNet-201,19398.977569411185
