Network,Float Size (%),Int Size (%),Runtime (%),Energy (%)
DenseNet-53,9.931034482758621,3.5034482758620693,41.28824288409026,35.1832361085739
DenseNet-121,39.172413793103445,11.641379310344826,70.9230126940609,66.38357590760336
DenseNet-169,69.51724137931035,19.724137931034484,88.04502467250327,82.36815861022802
DenseNet-185,83.86206896551724,23.586206896551726,101.42803663962053,93.56431083868041
DenseNet-201,100.0,27.586206896551722,100.0,100.0
