Network,Runtime(s)
subDenseNet-053,1.1236658096313477
subDenseNet-121,2.0106089115142822
subDenseNet-169,2.8137784004211426
subDenseNet-185,3.193369150161743
DenseNet-201,3.6111581325531006
